# Name,   Type, SubType, Offset,   Size,     Flags
# =============================================================================
# uext_screen —— 独立 USB 副屏固件分区表（16 MB flash）
#
#   nvs        运行时 NVS 存储（本固件当前未使用，保留给后续扩展）
#   phy_init   RF 校准数据
#   factory    唯一的应用分区 —— `idf.py flash` 直接把固件烧到这里，开箱即跑
#   storage    预留数据分区（本固件当前未挂载文件系统，留给后续扩展）
#
# ★ 这是一份「自给自足」的分区表：本工程不依赖任何其它工程的分区布局，
#   也没有 OTA 双槽，因此 `idf.py flash` 是安全且推荐的烧录方式。
# =============================================================================
nvs,      data, nvs,      0x9000,   0x6000,
phy_init, data, phy,      0xf000,   0x1000,
factory,  app,  factory,  0x10000,  0x400000,
storage,  data, littlefs, 0x410000, 0x300000,
